DigitalPathology/images/S110005440.jpeg,DigitalPathology/masks/S110005440-px.jpg
DigitalPathology/images/S190004515.jpeg,DigitalPathology/masks/S190004515-px.jpg
DigitalPathology/images/S190023597.jpeg,DigitalPathology/masks/S190023597-px.jpg
DigitalPathology/images/S190025013.jpeg,DigitalPathology/masks/S190025013-px.jpg
DigitalPathology/images/S20-00337.jpeg,DigitalPathology/masks/S20-00337-px.jpg
DigitalPathology/images/SNU_LYP_058.jpeg,DigitalPathology/masks/SNU_LYP_058-px.jpg
DigitalPathology/images/SNU_LYP_108.jpeg,DigitalPathology/masks/SNU_LYP_108-px.jpg
DigitalPathology/images/SNU_LYP_110.jpeg,DigitalPathology/masks/SNU_LYP_110-px.jpg
DigitalPathology/images/SNU_LYP_113.jpeg,DigitalPathology/masks/SNU_LYP_113-px.jpg
DigitalPathology/images/SNU_LYP_115.jpeg,DigitalPathology/masks/SNU_LYP_115-px.jpg
DigitalPathology/images/SNU_LYP_124.jpeg,DigitalPathology/masks/SNU_LYP_124-px.jpg
DigitalPathology/images/SNU_LYP_134.jpeg,DigitalPathology/masks/SNU_LYP_134-px.jpg
DigitalPathology/images/SNU_LYP_252.jpeg,DigitalPathology/masks/SNU_LYP_252-px.jpg
DigitalPathology/images/SNU_LYP_256.jpeg,DigitalPathology/masks/SNU_LYP_256-px.jpg
DigitalPathology/images/SNU_LYP_258.jpeg,DigitalPathology/masks/SNU_LYP_258-px.jpg
DigitalPathology/images/SNU_LYP_5001.jpeg,DigitalPathology/masks/SNU_LYP_5001-px.jpg
DigitalPathology/images/SNU_RNEO_087.jpeg,DigitalPathology/masks/SNU_RNEO_087-px.jpg
DigitalPathology/images/SNU_RNEO_090.jpeg,DigitalPathology/masks/SNU_RNEO_090-px.jpg
DigitalPathology/images/SNU_RNEO_093.jpeg,DigitalPathology/masks/SNU_RNEO_093-px.jpg
DigitalPathology/images/SNU_RNEO_097.jpeg,DigitalPathology/masks/SNU_RNEO_097-px.jpg
DigitalPathology/images/SNU_SC_007.jpeg,DigitalPathology/masks/SNU_SC_007-px.jpg
DigitalPathology/images/SNU_SC_020.jpeg,DigitalPathology/masks/SNU_SC_020-px.jpg
DigitalPathology/images/SNU_SC_023.jpeg,DigitalPathology/masks/SNU_SC_023-px.jpg
DigitalPathology/images/SNU_SC_024.jpeg,DigitalPathology/masks/SNU_SC_024-px.jpg
DigitalPathology/images/SNU_SC_037.jpeg,DigitalPathology/masks/SNU_SC_037-px.jpg
DigitalPathology/images/SNU_SC_040.jpeg,DigitalPathology/masks/SNU_SC_040-px.jpg
DigitalPathology/images/SNU_SC_054.jpeg,DigitalPathology/masks/SNU_SC_054-px.jpg
DigitalPathology/images/SNU_SC_060.jpeg,DigitalPathology/masks/SNU_SC_060-px.jpg
DigitalPathology/images/SNU_SC_088.jpeg,DigitalPathology/masks/SNU_SC_088-px.jpg
DigitalPathology/images/SNU_SC_090.jpeg,DigitalPathology/masks/SNU_SC_090-px.jpg
DigitalPathology/images/SNU_SC_184.jpeg,DigitalPathology/masks/SNU_SC_184-px.jpg
DigitalPathology/images/SS1820096B.jpeg,DigitalPathology/masks/SS1820096B-px.jpg
DigitalPathology/images/SS1824200A.jpeg,DigitalPathology/masks/SS1824200A-px.jpg
DigitalPathology/images/SS1842889B.jpeg,DigitalPathology/masks/SS1842889B-px.jpg
DigitalPathology/images/SS1845986A.jpeg,DigitalPathology/masks/SS1845986A-px.jpg
DigitalPathology/images/SS1856597.jpeg,DigitalPathology/masks/SS1856597-px.jpg
DigitalPathology/images/SS1859864A.jpeg,DigitalPathology/masks/SS1859864A-px.jpg
DigitalPathology/images/SS1904019.jpeg,DigitalPathology/masks/SS1904019-px.jpg
DigitalPathology/images/SS1904141B.jpeg,DigitalPathology/masks/SS1904141B-px.jpg
DigitalPathology/images/SS1937865A.jpeg,DigitalPathology/masks/SS1937865A-px.jpg
DigitalPathology/images/SS1953349.jpeg,DigitalPathology/masks/SS1953349-px.jpg
DigitalPathology/images/SS1965317C.jpeg,DigitalPathology/masks/SS1965317C-px.jpg
DigitalPathology/images/SS1981982.jpeg,DigitalPathology/masks/SS1981982-px.jpg
DigitalPathology/images/SS1985000B.jpeg,DigitalPathology/masks/SS1985000B-px.jpg
DigitalPathology/images/SS2001331C.jpeg,DigitalPathology/masks/SS2001331C-px.jpg
DigitalPathology/images/SS2001519A.jpeg,DigitalPathology/masks/SS2001519A-px.jpg
DigitalPathology/images/SS2008210A.jpeg,DigitalPathology/masks/SS2008210A-px.jpg
DigitalPathology/images/SS2009560.jpeg,DigitalPathology/masks/SS2009560-px.jpg
DigitalPathology/images/SS2023765.jpeg,DigitalPathology/masks/SS2023765-px.jpg
DigitalPathology/images/SS2033941B.jpeg,DigitalPathology/masks/SS2033941B-px.jpg
DigitalPathology/images/SS2045369.jpeg,DigitalPathology/masks/SS2045369-px.jpg
DigitalPathology/images/TEST21041392.jpeg,DigitalPathology/masks/TEST21041392-px.jpg
DigitalPathology/images/TESTS21000704.jpeg,DigitalPathology/masks/TESTS21000704-px.jpg
DigitalPathology/images/TESTS21037454.jpeg,DigitalPathology/masks/TESTS21037454-px.jpg
DigitalPathology/images/TESTS21039515.jpeg,DigitalPathology/masks/TESTS21039515-px.jpg
DigitalPathology/images/TESTS21040225.jpeg,DigitalPathology/masks/TESTS21040225-px.jpg
DigitalPathology/images/TESTS21040485.jpeg,DigitalPathology/masks/TESTS21040485-px.jpg
DigitalPathology/images/TESTS21040486.jpeg,DigitalPathology/masks/TESTS21040486-px.jpg
DigitalPathology/images/TESTS21042061.jpeg,DigitalPathology/masks/TESTS21042061-px.jpg
DigitalPathology/images/TESTSS2147737.jpeg,DigitalPathology/masks/TESTSS2147737-px.jpg
DigitalPathology/images/TESTSS2148385.jpeg,DigitalPathology/masks/TESTSS2148385-px.jpg
DigitalPathology/images/TESTSS2148818.jpeg,DigitalPathology/masks/TESTSS2148818-px.jpg
DigitalPathology/images/TESTSS2149020A.jpeg,DigitalPathology/masks/TESTSS2149020A-px.jpg
DigitalPathology/images/TESTSS2149427A.jpeg,DigitalPathology/masks/TESTSS2149427A-px.jpg
DigitalPathology/images/TEST_S160020546.jpeg,DigitalPathology/masks/TEST_S160020546-px.jpg
DigitalPathology/images/TEST_S160021503.jpeg,DigitalPathology/masks/TEST_S160021503-px.jpg
DigitalPathology/images/TEST_S160021720.jpeg,DigitalPathology/masks/TEST_S160021720-px.jpg
DigitalPathology/images/TEST_S160022502.jpeg,DigitalPathology/masks/TEST_S160022502-px.jpg
DigitalPathology/images/TEST_S160022752.jpeg,DigitalPathology/masks/TEST_S160022752-px.jpg
DigitalPathology/images/TEST_S160022786.jpeg,DigitalPathology/masks/TEST_S160022786-px.jpg
DigitalPathology/images/TEST_S160023627.jpeg,DigitalPathology/masks/TEST_S160023627-px.jpg
DigitalPathology/images/TEST_S160023912.jpeg,DigitalPathology/masks/TEST_S160023912-px.jpg
DigitalPathology/images/TEST_S160024834.jpeg,DigitalPathology/masks/TEST_S160024834-px.jpg
DigitalPathology/images/TEST_S160024836.jpeg,DigitalPathology/masks/TEST_S160024836-px.jpg
DigitalPathology/images/TEST_S160026484.jpeg,DigitalPathology/masks/TEST_S160026484-px.jpg
DigitalPathology/images/TEST_S160027176.jpeg,DigitalPathology/masks/TEST_S160027176-px.jpg
DigitalPathology/images/TEST_S160027610.jpeg,DigitalPathology/masks/TEST_S160027610-px.jpg
DigitalPathology/images/TEST_S160027690.jpeg,DigitalPathology/masks/TEST_S160027690-px.jpg
DigitalPathology/images/TEST_S160027918.jpeg,DigitalPathology/masks/TEST_S160027918-px.jpg
DigitalPathology/images/TEST_S160028121.jpeg,DigitalPathology/masks/TEST_S160028121-px.jpg
DigitalPathology/images/TEST_S160028198.jpeg,DigitalPathology/masks/TEST_S160028198-px.jpg
DigitalPathology/images/TEST_S160028462.jpeg,DigitalPathology/masks/TEST_S160028462-px.jpg
DigitalPathology/images/TEST_SNU_433.jpeg,DigitalPathology/masks/TEST_SNU_433-px.jpg
DigitalPathology/images/TEST_SNU_434.jpeg,DigitalPathology/masks/TEST_SNU_434-px.jpg
DigitalPathology/images/TEST_SNU_436.jpeg,DigitalPathology/masks/TEST_SNU_436-px.jpg
DigitalPathology/images/TEST_SNU_448.jpeg,DigitalPathology/masks/TEST_SNU_448-px.jpg
DigitalPathology/images/TEST_SNU_472.jpeg,DigitalPathology/masks/TEST_SNU_472-px.jpg
DigitalPathology/images/TEST_SNU_478.jpeg,DigitalPathology/masks/TEST_SNU_478-px.jpg
DigitalPathology/images/TEST_SNU_487.jpeg,DigitalPathology/masks/TEST_SNU_487-px.jpg
DigitalPathology/images/TEST_SNU_491.jpeg,DigitalPathology/masks/TEST_SNU_491-px.jpg
